City_ID,City,Country,Lat,Lng,Max Temp,Humidity,Cloudiness,Wind Speed,Current Description,Rain (inches),Snow (inches)
0,Hithadhoo,MV,-0.6,73.08,85.19,70,84,6.87,broken clouds,0.0,0
1,Moranbah,AU,-22.0,148.05,57.18,43,1,7.29,clear sky,0.0,0
2,Albany,US,42.6,-73.97,77.0,74,44,3.0,scattered clouds,0.0,0
3,Fort Nelson,CA,58.81,-122.7,48.2,100,75,6.93,fog,0.0,0
4,Katsuura,JP,35.13,140.3,72.0,88,75,10.29,light intensity shower rain,0.0,0
5,Ushuaia,AR,-54.8,-68.3,35.6,80,75,18.34,shower rain,0.0,0
6,Jamestown,US,42.1,-79.24,73.99,73,1,6.02,clear sky,0.0,0
7,Tuktoyaktuk,CA,69.45,-133.04,39.2,100,75,4.7,mist,0.0,0
8,Necochea,AR,-38.55,-58.74,42.01,72,0,7.0,clear sky,0.0,0
9,Barra Do Garcas,BR,-15.89,-52.26,82.4,45,99,4.54,overcast clouds,0.0,0
10,Puri,IN,19.8,85.85,86.0,89,75,13.87,thunderstorm with light rain,0.0,0
11,Key West,US,24.56,-81.78,89.6,66,20,16.11,few clouds,0.0,0
12,Khipro,PK,25.83,69.38,94.59,49,19,24.34,few clouds,0.0,0
13,Grafton,US,42.21,-71.69,79.0,73,75,14.99,broken clouds,0.0,0
14,Chuy,UY,-33.7,-53.46,51.57,58,0,7.0,clear sky,0.0,0
15,Nikolskoye,RU,59.7,30.79,69.01,68,75,8.95,broken clouds,0.0,0
16,Mahebourg,MU,-20.41,57.7,75.2,60,40,18.34,scattered clouds,0.0,0
17,Warrnambool,AU,-38.38,142.48,48.0,94,0,5.82,clear sky,0.0,0
18,Atuona,PF,-9.8,-139.03,79.61,77,31,21.99,light rain,0.28,0
19,Marfino,RU,55.7,37.38,84.2,57,75,11.18,broken clouds,0.0,0
20,Samarai,PG,-10.62,150.67,79.32,85,64,16.8,moderate rain,3.77,0
21,Coquimbo,CL,-29.95,-71.34,51.8,71,46,4.7,scattered clouds,0.0,0
22,West Wendover,US,40.74,-114.07,84.2,7,1,11.41,clear sky,0.0,0
23,Taoudenni,ML,22.68,-3.98,108.93,17,55,4.54,broken clouds,0.0,0
24,Busselton,AU,-33.65,115.33,57.0,69,100,18.61,light rain,0.44,0
25,Ponta Do Sol,PT,32.67,-17.1,75.99,62,0,1.43,clear sky,0.0,0
26,Lagoa,PT,39.05,-27.98,68.31,79,0,16.91,clear sky,0.0,0
27,Port Alfred,ZA,-33.59,26.89,65.37,35,0,12.71,clear sky,0.0,0
28,Evensk,RU,61.95,159.23,54.25,88,68,1.92,broken clouds,0.0,0
29,Arak,IR,34.09,49.69,89.28,12,31,19.77,scattered clouds,0.0,0
30,Rikitea,PF,-23.12,-134.97,70.77,72,0,18.32,clear sky,0.0,0
31,Punta Arenas,CL,-53.15,-70.92,32.0,87,20,5.82,few clouds,0.0,0
32,Hurghada,EG,27.26,33.81,100.4,19,0,18.34,clear sky,0.0,0
33,Xichang,CN,27.9,102.26,69.03,76,100,3.06,overcast clouds,0.0,0
34,Tasiilaq,GL,65.61,-37.64,44.6,75,64,6.93,broken clouds,0.0,0
35,Vila Franca Do Campo,PT,37.72,-25.43,73.4,60,75,10.29,broken clouds,0.0,0
36,Mataura,NZ,-46.19,168.86,39.0,83,58,3.0,broken clouds,0.0,0
37,Gorontalo,ID,0.54,123.06,74.89,89,48,2.64,light rain,0.16,0
38,Kautokeino,NO,69.01,23.04,60.64,51,83,11.14,light rain,0.35,0
39,Nuuk,GL,64.18,-51.72,46.4,81,75,8.05,broken clouds,0.0,0
40,Paracuru,BR,-3.41,-39.03,84.0,59,10,5.01,clear sky,0.0,0
41,Tabou,CI,4.42,-7.35,79.83,68,80,7.58,broken clouds,0.0,0
42,Dingle,PH,11.0,122.67,78.35,86,100,1.63,overcast clouds,0.0,0
43,Teya,RU,60.38,92.63,62.2,78,100,3.69,overcast clouds,0.0,0
44,Qaanaaq,GL,77.48,-69.36,45.93,59,95,0.96,overcast clouds,0.0,0
45,Faya,SA,18.39,42.45,87.8,25,40,10.29,scattered clouds,0.0,0
46,Nidzica,PL,53.36,20.43,64.4,52,20,8.05,few clouds,0.0,0
47,Vaini,TO,-21.2,-175.2,71.6,78,40,11.41,scattered clouds,0.0,0
48,Bad Krozingen,DE,47.92,7.7,80.01,35,2,7.0,clear sky,0.0,0
49,Khatanga,RU,71.97,102.5,52.48,90,100,15.35,light rain,0.17,0
50,Norman Wells,CA,65.28,-126.83,51.8,93,90,5.82,light rain,0.0,0
51,Bluff,NZ,-46.6,168.33,39.0,83,36,3.0,scattered clouds,0.0,0
52,Oistins,BB,13.07,-59.53,86.0,74,75,18.34,shower rain,0.0,0
53,Lufilufi,WS,-13.87,-171.6,77.0,100,1,17.02,light rain,0.69,0
54,Dubrovytsya,UA,51.57,26.57,53.01,90,100,7.99,overcast clouds,0.0,0
55,Parrita,CR,9.52,-84.32,72.0,73,45,6.93,light rain,0.65,0
56,Sochi,RU,43.6,39.73,84.2,66,75,13.42,broken clouds,0.0,0
57,Saskylakh,RU,71.92,114.08,64.24,62,72,21.09,broken clouds,0.0,0
58,Kapaa,US,22.08,-159.32,78.8,74,40,18.34,scattered clouds,0.0,0
59,Klaksvik,FO,62.23,-6.59,51.8,100,90,9.17,overcast clouds,0.0,0
60,New Norfolk,AU,-42.78,147.06,37.0,89,6,0.96,clear sky,0.0,0
61,Vostok,RU,46.49,135.88,58.08,94,73,2.89,broken clouds,0.0,0
62,Airai,TL,-8.93,125.41,57.27,100,100,4.12,overcast clouds,0.0,0
63,Stara Pazova,RS,44.98,20.16,69.8,56,40,9.17,scattered clouds,0.0,0
64,Hilo,US,19.73,-155.09,75.2,73,90,3.36,overcast clouds,0.0,0
65,Pevek,RU,69.7,170.31,47.39,86,99,5.17,overcast clouds,0.0,0
66,Cape Town,ZA,-33.93,18.42,66.0,45,0,16.11,clear sky,0.0,0
67,Leshukonskoye,RU,64.9,45.76,57.27,79,100,14.54,overcast clouds,0.0,0
68,Longyearbyen,SJ,78.22,15.64,46.4,81,75,9.17,broken clouds,0.0,0
69,Hermanus,ZA,-34.42,19.23,64.99,45,0,1.01,clear sky,0.0,0
70,Urengoy,RU,65.97,78.37,65.05,50,36,3.58,scattered clouds,0.0,0
71,Sao Felix Do Xingu,BR,-6.64,-51.99,88.84,46,75,3.83,broken clouds,0.0,0
72,Pacific Grove,US,36.62,-121.92,55.99,87,1,5.61,clear sky,0.0,0
73,Port Elizabeth,ZA,-33.92,25.57,68.0,30,0,13.87,clear sky,0.0,0
74,Kavieng,PG,-2.57,150.8,82.94,69,100,3.69,overcast clouds,0.0,0
75,Jiaojiang,CN,28.68,121.44,82.99,55,99,5.59,light rain,0.18,0
76,Igarka,RU,67.47,86.58,61.21,62,39,3.96,scattered clouds,0.0,0
77,Ribeira Grande,PT,38.52,-28.7,73.4,73,40,12.75,scattered clouds,0.0,0
78,Santo Antonio Do Ica,BR,-3.1,-67.94,75.13,97,100,2.84,moderate rain,1.99,0
79,Severo-Kurilsk,RU,50.68,156.12,49.33,91,100,8.41,overcast clouds,0.0,0
80,College,US,64.86,-147.8,52.0,71,75,4.7,broken clouds,0.0,0
81,Saint George,US,37.1,-113.58,80.01,27,1,4.07,clear sky,0.0,0
82,Port Blair,IN,11.67,92.75,80.83,79,100,9.19,overcast clouds,0.0,0
83,Yellowknife,CA,62.46,-114.35,62.01,87,40,4.7,scattered clouds,0.0,0
84,Butaritari,KI,3.07,172.79,83.25,79,85,14.94,light rain,0.38,0
85,Bathsheba,BB,13.22,-59.52,86.0,74,75,18.34,shower rain,0.0,0
86,Berlevag,NO,70.86,29.09,49.14,82,19,5.53,few clouds,0.0,0
87,Fortuna,US,40.6,-124.16,52.0,100,2,3.36,clear sky,0.0,0
88,Labuhan,ID,-6.88,112.21,80.01,79,96,7.2,overcast clouds,0.0,0
89,Puerto Ayora,EC,-0.74,-90.35,66.0,96,49,5.66,scattered clouds,0.0,0
90,Cherskiy,RU,68.75,161.3,47.68,96,99,3.8,overcast clouds,0.0,0
91,Shubarshi,KZ,48.59,57.19,99.03,18,61,5.61,broken clouds,0.0,0
92,Bumbuna,SL,9.05,-11.73,77.32,89,97,4.16,moderate rain,1.19,0
93,Rocha,UY,-34.48,-54.33,51.44,62,46,12.95,scattered clouds,0.0,0
94,Presidencia Roque Saenz Pena,AR,-26.79,-60.44,66.25,70,0,5.21,clear sky,0.0,0
95,Taksimo,RU,56.34,114.88,73.11,52,97,4.29,overcast clouds,0.0,0
96,Kodiak,US,57.79,-152.41,55.4,76,90,4.7,overcast clouds,0.0,0
97,Hobart,AU,-42.88,147.33,39.0,93,20,4.7,light rain,0.25,0
98,Zhuji,CN,29.72,120.24,89.6,62,100,6.71,overcast clouds,0.0,0
99,Shache,CN,38.42,77.24,85.23,18,100,5.86,overcast clouds,0.0,0
100,Bredasdorp,ZA,-34.53,20.04,66.2,37,0,12.75,clear sky,0.0,0
101,Cabo San Lucas,MX,22.89,-109.91,81.0,61,75,9.66,broken clouds,0.0,0
102,Lasa,IT,46.62,10.7,73.99,37,5,6.93,clear sky,0.0,0
103,Talnakh,RU,69.49,88.4,59.0,72,100,6.71,light rain,0.18,0
104,Lebu,CL,-37.62,-73.65,48.78,94,100,3.29,light rain,0.18,0
105,Ancud,CL,-41.87,-73.82,36.0,68,97,4.7,overcast clouds,0.0,0
106,Nanortalik,GL,60.14,-45.24,46.83,78,99,9.64,overcast clouds,0.0,0
107,Kindu,CD,-2.95,25.95,91.74,40,83,0.89,broken clouds,0.0,0
108,Saint-Philippe,RE,-21.36,55.77,75.2,69,60,3.36,light rain,0.21,0
109,Am Timan,TD,11.03,20.28,88.68,53,3,7.72,clear sky,0.0,0
110,Mar Del Plata,AR,-38.0,-57.56,44.01,52,0,13.87,clear sky,0.0,0
111,Kizukuri,JP,40.81,140.39,62.01,88,29,4.0,scattered clouds,0.0,0
112,Gambela,ET,8.25,34.58,74.93,93,100,4.7,moderate rain,1.27,0
113,Half Moon Bay,US,37.46,-122.43,59.0,67,1,3.36,clear sky,0.0,0
114,Dosso,NE,13.05,3.19,96.73,34,57,6.38,broken clouds,0.0,0
115,Kristiinankaupunki,FI,62.27,21.38,57.99,74,100,5.84,overcast clouds,0.0,0
116,Lavrentiya,RU,65.58,-171.0,42.91,84,0,3.91,clear sky,0.0,0
117,High Level,CA,58.52,-117.14,55.4,93,75,4.99,broken clouds,0.0,0
118,Guane,CU,22.2,-84.09,84.85,68,92,0.85,overcast clouds,0.0,0
119,Hovd,MN,48.01,91.64,64.4,57,100,3.98,overcast clouds,0.0,0
120,Gunzenhausen,DE,49.1,10.75,73.0,32,1,3.36,clear sky,0.0,0
121,Hamilton,US,39.18,-84.53,72.0,77,75,8.05,broken clouds,0.0,0
122,Faanui,PF,-16.48,-151.75,78.64,74,100,17.98,overcast clouds,0.0,0
123,Hasaki,JP,35.73,140.83,66.2,88,75,13.87,broken clouds,0.0,0
124,Ardesen,TR,41.19,40.99,78.8,78,40,8.05,scattered clouds,0.0,0
125,Miyako,JP,39.64,141.95,59.63,89,13,5.17,few clouds,0.0,0
126,Mossendjo,CG,-2.95,12.73,77.67,67,89,4.5,overcast clouds,0.0,0
127,Russkaya Polyana,UA,49.42,31.92,81.14,51,32,5.08,scattered clouds,0.0,0
128,Upernavik,GL,72.79,-56.15,42.58,79,97,8.41,overcast clouds,0.0,0
129,Karratha,AU,-20.74,116.85,65.3,43,0,6.98,clear sky,0.0,0
130,Jalu,LY,29.03,21.55,97.79,14,0,11.95,clear sky,0.0,0
131,Sassandra,CI,4.95,-6.08,79.11,71,74,7.23,broken clouds,0.0,0
132,Ziarat,PK,30.38,67.73,73.31,42,2,12.84,clear sky,0.0,0
133,Castro,BR,-24.79,-50.01,70.03,55,0,14.0,clear sky,0.0,0
134,Deputatskiy,RU,69.3,139.9,57.85,59,13,5.57,few clouds,0.0,0
135,Yamada,JP,39.47,141.95,59.7,90,11,5.95,few clouds,0.0,0
136,Porto Novo,BJ,6.5,2.6,80.6,83,40,10.29,scattered clouds,0.0,0
137,Eureka,US,40.8,-124.16,52.0,100,0,2.82,clear sky,0.0,0
138,Bambous Virieux,MU,-20.34,57.76,75.2,60,40,18.34,scattered clouds,0.0,0
139,Isangel,VU,-19.55,169.27,72.48,81,9,14.81,clear sky,0.0,0
140,Ahuimanu,US,21.44,-157.84,78.8,61,20,11.41,few clouds,0.0,0
141,Barrow,US,71.29,-156.79,35.6,80,90,9.17,overcast clouds,0.0,0
142,Marsh Harbour,BS,26.54,-77.06,84.63,75,100,19.71,light rain,0.72,0
143,Carauari,BR,-4.88,-66.9,77.34,93,100,3.06,light rain,0.97,0
144,Blagoyevo,RU,63.37,47.92,62.6,62,98,15.01,overcast clouds,0.0,0
145,Sysert,RU,56.5,60.82,84.2,32,31,4.47,scattered clouds,0.0,0
146,Chishtian Mandi,PK,29.8,72.87,105.55,27,48,4.92,scattered clouds,0.0,0
147,Stepnogorsk,KZ,52.35,71.89,75.45,55,21,16.31,few clouds,0.0,0
148,Tessalit,ML,20.2,1.01,105.01,16,36,10.25,scattered clouds,0.0,0
149,Qena,EG,26.16,32.72,104.0,19,0,11.41,clear sky,0.0,0
150,Tual,ID,-5.67,132.75,79.25,81,100,24.23,overcast clouds,0.0,0
151,Provideniya,RU,64.38,-173.3,49.37,69,7,1.83,clear sky,0.0,0
152,Naze,JP,28.37,129.48,82.4,88,97,4.7,overcast clouds,0.0,0
153,Saint-Louis,SN,16.33,-15.0,95.41,40,82,8.84,broken clouds,0.0,0
154,Fort Smith,US,35.39,-94.4,81.0,78,1,5.82,clear sky,0.0,0
155,Avarua,CK,-21.21,-159.78,69.8,88,100,10.29,light rain,0.0,0
156,Kargasok,RU,59.06,80.86,62.87,88,100,10.87,overcast clouds,0.0,0
157,Ixtapa,MX,20.7,-105.2,77.0,94,75,3.36,broken clouds,0.0,0
158,Ayan,RU,56.45,138.17,52.16,90,94,5.5,overcast clouds,0.0,0
159,Los Llanos De Aridane,ES,28.66,-17.92,77.0,65,20,14.99,few clouds,0.0,0
160,Ginir,ET,7.13,40.7,69.1,69,56,12.26,light rain,0.82,0
161,Mount Pleasant,US,32.79,-79.86,89.01,84,1,1.72,clear sky,0.0,0
162,Sampit,ID,-2.53,112.95,73.78,98,100,1.99,overcast clouds,0.0,0
163,Puerto Cabezas,NI,14.04,-83.39,80.6,94,75,11.41,light intensity drizzle,0.0,0
164,Kasongo-Lunda,CD,-6.47,16.82,91.18,32,68,3.87,broken clouds,0.0,0
165,Saint-Pierre,RE,-21.34,55.48,75.2,69,12,3.36,few clouds,0.0,0
166,Georgetown,MY,5.41,100.34,84.2,79,20,1.72,few clouds,0.0,0
167,La Ronge,CA,55.1,-105.28,64.4,77,75,11.41,broken clouds,0.0,0
168,Knysna,ZA,-34.04,23.05,68.0,28,0,8.05,clear sky,0.0,0
169,Saint-Francois,FR,46.42,3.91,82.0,26,0,8.05,clear sky,0.0,0
170,Umm Lajj,SA,25.02,37.27,89.47,57,64,14.32,broken clouds,0.0,0
171,Zhob,PK,31.34,69.45,80.56,45,49,12.12,light rain,0.57,0
172,Husavik,IS,66.04,-17.34,62.6,55,40,6.93,scattered clouds,0.0,0
173,Hualmay,PE,-11.1,-77.61,62.78,70,73,4.0,broken clouds,0.0,0
174,Villaviciosa,ES,43.48,-5.44,75.0,61,6,10.36,clear sky,0.0,0
175,Pisco,PE,-13.7,-76.22,59.0,87,40,4.7,mist,0.0,0
176,Mehamn,NO,71.04,27.85,51.93,72,44,7.87,scattered clouds,0.0,0
177,Kahului,US,20.89,-156.47,78.8,61,1,12.75,clear sky,0.0,0
178,Svetlogorsk,BY,52.63,29.73,56.16,87,100,15.1,overcast clouds,0.0,0
179,Biak,ID,-0.91,122.88,77.11,82,97,6.49,light rain,0.59,0
180,Puerto Colombia,CO,10.99,-74.95,77.0,100,40,2.24,scattered clouds,0.0,0
181,Grindavik,IS,63.84,-22.43,51.8,93,90,12.75,light rain,0.0,0
182,Margate,GB,51.38,1.39,71.01,46,83,4.0,broken clouds,0.0,0
183,Ejido,VE,8.55,-71.24,75.65,54,33,4.61,light rain,0.42,0
184,Sidney,AU,-33.87,151.21,52.0,87,100,5.01,light rain,0.89,0
185,Dinard,FR,48.63,-2.06,73.0,49,0,13.87,clear sky,0.0,0
186,Kokoda,PG,-8.88,147.74,74.91,74,73,1.25,broken clouds,0.0,0
187,Dikson,RU,73.51,80.55,43.39,95,84,7.58,broken clouds,0.0,0
188,Sarakhs,IR,36.54,61.16,102.2,17,40,11.41,scattered clouds,0.0,0
189,Salalah,OM,17.02,54.09,84.2,83,75,11.41,broken clouds,0.0,0
190,Leningradskiy,RU,69.38,178.42,37.06,83,0,7.99,clear sky,0.0,0
191,Roald,NO,62.58,6.13,53.6,76,75,5.82,broken clouds,0.0,0
192,Forbach,FR,49.18,6.9,77.0,28,1,8.05,clear sky,0.0,0
193,North Platte,US,41.12,-100.77,71.01,82,1,3.36,clear sky,0.0,0
194,Sabha,LY,27.04,14.43,103.35,8,0,11.34,clear sky,0.0,0
195,Pipar,IN,26.39,73.54,90.9,59,73,18.43,broken clouds,0.0,0
196,Arraial Do Cabo,BR,-22.97,-42.03,80.6,54,60,9.17,broken clouds,0.0,0
197,Christchurch,NZ,-43.53,172.63,46.0,93,100,11.41,light rain,0.17,0
198,Geraldton,AU,-28.77,114.6,57.2,71,0,12.75,clear sky,0.0,0
199,Spirit River,CA,55.78,-118.84,55.99,81,75,11.41,broken clouds,0.0,0
200,Mwene-Ditu,CD,-7.0,23.45,86.72,34,96,5.7,overcast clouds,0.0,0
201,Carutapera,BR,-1.2,-46.02,82.71,78,1,4.81,light rain,0.57,0
202,Mount Gambier,AU,-37.83,140.77,42.8,93,75,2.24,broken clouds,0.0,0
203,Moorhead,US,46.87,-96.77,72.0,88,1,3.13,clear sky,0.0,0
204,Bengkulu,ID,-3.8,102.27,77.56,89,100,3.87,overcast clouds,0.0,0
205,Chokurdakh,RU,70.63,147.92,54.97,67,57,11.25,broken clouds,0.0,0
206,Namibe,AO,-15.2,12.15,73.08,58,2,12.21,clear sky,0.0,0
207,Tigil,RU,57.8,158.67,55.35,85,99,3.38,overcast clouds,0.0,0
208,East London,ZA,-33.02,27.91,64.4,39,0,14.99,clear sky,0.0,0
209,Buchanan,LR,5.88,-10.05,82.4,74,75,4.7,broken clouds,0.0,0
210,Borba,BR,-4.39,-59.59,86.45,60,84,4.34,broken clouds,0.0,0
211,Acapulco,MX,16.86,-99.89,78.8,88,40,4.7,scattered clouds,0.0,0
212,Thompson,CA,55.74,-97.86,59.0,87,75,8.05,broken clouds,0.0,0
213,Clyde River,CA,70.47,-68.59,42.8,93,90,10.29,overcast clouds,0.0,0
214,Erdenet,MN,49.03,104.08,58.75,86,79,2.86,broken clouds,0.0,0
215,Nanzhang,CN,31.78,111.84,70.74,87,100,2.53,overcast clouds,0.0,0
216,Jumla,NP,29.27,82.18,62.01,71,67,1.66,broken clouds,0.0,0
217,Setermoen,NO,68.86,18.35,53.6,87,75,6.93,light intensity shower rain,0.0,0
218,Souillac,MU,-20.52,57.52,75.2,60,40,18.34,scattered clouds,0.0,0
219,Kaitangata,NZ,-46.28,169.85,37.0,73,40,1.99,scattered clouds,0.0,0
220,Kondoa,TZ,-4.9,35.78,80.02,32,9,6.35,clear sky,0.0,0
221,Turbat,PK,26.0,63.04,90.81,56,38,14.67,scattered clouds,0.0,0
222,Coahuayana,MX,18.73,-103.68,73.4,83,75,4.88,broken clouds,0.0,0
223,The Valley,AI,18.22,-63.06,84.2,74,20,14.99,haze,0.0,0
224,Wolsztyn,PL,52.12,16.12,69.01,34,52,11.41,broken clouds,0.0,0
225,Bocana De Paiwas,NI,12.79,-85.12,76.95,86,50,11.18,scattered clouds,0.0,0
226,Santa Marinella,IT,42.03,11.85,82.99,61,2,6.33,clear sky,0.0,0
227,Pangnirtung,CA,66.15,-65.71,49.59,64,97,3.56,overcast clouds,0.0,0
228,Dan Khun Thot,TH,15.21,101.77,81.01,78,100,5.48,light rain,0.35,0
229,Sokoni,TZ,-6.43,39.55,86.0,66,20,11.41,few clouds,0.0,0
230,Tilichiki,RU,60.47,166.1,46.98,100,82,5.1,broken clouds,0.0,0
231,Egvekinot,RU,66.32,-179.17,49.68,65,3,2.13,clear sky,0.0,0
232,Sao Filipe,CV,14.9,-24.5,74.64,76,29,9.42,scattered clouds,0.0,0
233,Bafra,TR,41.57,35.91,80.6,65,20,8.05,few clouds,0.0,0
234,Bousse,BF,12.66,-1.89,93.04,40,6,3.27,clear sky,0.0,0
235,Constitucion,CL,-35.33,-72.42,52.77,66,100,2.53,overcast clouds,0.0,0
236,Shahr-E Babak,IR,30.12,55.12,91.6,11,47,7.27,scattered clouds,0.0,0
237,Tura,IN,25.52,90.22,75.56,98,82,6.42,light rain,0.74,0
238,Abadiania,BR,-16.2,-48.71,71.6,37,20,8.05,few clouds,0.0,0
239,Iskateley,RU,67.68,53.15,56.25,91,100,15.9,light rain,0.15,0
240,Nador,MA,35.17,-2.93,84.2,69,20,5.82,few clouds,0.0,0
241,Narrabri,AU,-30.32,149.78,45.0,93,0,1.16,clear sky,0.0,0
242,Acarau,BR,-2.89,-40.12,85.32,57,24,10.54,few clouds,0.0,0
243,Buin,CL,-33.73,-70.75,44.6,93,100,2.24,mist,0.0,0
244,Bethel,US,41.37,-73.41,75.0,78,1,10.29,clear sky,0.0,0
245,Yuncheng,CN,35.02,110.99,71.42,77,98,3.53,overcast clouds,0.0,0
246,Kenai,US,60.55,-151.26,53.6,93,90,13.87,light rain,0.64,0
247,Petropavlovsk-Kamchatskiy,RU,53.05,158.65,55.4,100,75,4.47,broken clouds,0.0,0
248,Torbay,CA,47.67,-52.73,64.0,72,75,19.46,broken clouds,0.0,0
249,Lompoc,US,34.64,-120.46,55.4,87,90,4.68,overcast clouds,0.0,0
250,Payao,PH,10.18,122.95,78.75,83,98,2.39,light rain,0.71,0
251,Kiunga,PG,-6.12,141.29,72.82,98,86,1.63,moderate rain,1.62,0
252,Stokmarknes,NO,68.56,14.91,57.0,74,76,5.99,light rain,0.14,0
253,Inhambane,MZ,-23.86,35.38,71.6,56,40,18.34,scattered clouds,0.0,0
254,Shimoda,JP,34.67,138.95,66.99,94,100,1.99,overcast clouds,0.0,0
255,Kapoeta,SS,4.77,33.59,88.68,39,96,4.79,overcast clouds,0.0,0
256,Camacha,PT,33.08,-16.33,73.4,69,40,14.99,scattered clouds,0.0,0
257,Hirado,JP,33.36,129.55,73.0,89,100,8.79,overcast clouds,0.0,0
258,Chinsali,ZM,-10.54,32.08,79.38,32,2,8.01,clear sky,0.0,0
259,Bulaevo,KZ,54.91,70.44,71.71,70,48,7.61,scattered clouds,0.0,0
260,Kiruna,SE,67.86,20.23,53.6,71,20,9.17,few clouds,0.0,0
261,Carnarvon,AU,-24.87,113.63,66.2,88,0,8.05,clear sky,0.0,0
262,Bukama,CD,-9.2,25.85,97.86,17,12,5.32,few clouds,0.0,0
263,Saldanha,ZA,-33.01,17.94,64.4,45,0,21.92,clear sky,0.0,0
264,Lata,PT,40.16,-8.33,91.99,47,0,8.32,clear sky,0.0,0
265,Laguna,US,38.42,-121.42,64.4,59,1,3.36,clear sky,0.0,0
266,Kamenka,RU,51.32,42.77,82.29,59,0,8.93,clear sky,0.0,0
267,Thinadhoo,MV,0.53,72.93,85.19,70,62,6.04,broken clouds,0.0,0
268,Suntar,RU,62.14,117.63,65.19,83,25,3.53,light rain,0.98,0
269,Aksu,CN,41.12,80.26,86.18,21,0,6.55,clear sky,0.0,0
270,Pauini,BR,-7.71,-66.98,87.51,54,0,0.85,clear sky,0.0,0
271,Luderitz,NA,-26.65,15.16,68.0,37,0,8.05,clear sky,0.0,0
272,Antofagasta,CL,-23.65,-70.4,55.4,66,90,10.29,overcast clouds,0.0,0
273,Wladyslawowo,PL,54.79,18.4,66.99,51,40,16.11,scattered clouds,0.0,0
274,Berea,US,41.37,-81.85,77.0,69,75,5.82,broken clouds,0.0,0
275,Yatou,CN,37.15,122.38,69.78,90,100,23.26,light rain,0.29,0
276,Nioro,GM,13.35,-15.75,85.75,69,100,10.78,moderate rain,2.15,0
277,Impfondo,CG,1.64,18.07,90.93,46,35,2.46,scattered clouds,0.0,0
278,Sabzevar,IR,36.21,57.68,90.68,15,76,20.89,broken clouds,0.0,0
279,Zaysan,KZ,47.47,84.87,66.9,48,89,3.78,overcast clouds,0.0,0
280,Kulu,TR,39.1,33.08,89.37,18,0,11.12,clear sky,0.0,0
281,Aklavik,CA,68.22,-135.01,48.2,76,75,6.93,broken clouds,0.0,0
282,Henties Bay,NA,-22.12,14.28,57.0,88,0,4.0,clear sky,0.0,0
283,Maragogi,BR,-9.01,-35.22,78.91,71,3,14.16,light rain,0.13,0
284,Honiara,SB,-9.43,159.95,75.2,94,40,3.36,scattered clouds,0.0,0
285,Jhajjar,IN,28.61,76.66,93.2,62,40,6.93,haze,0.0,0
286,Kitimat,CA,54.05,-128.65,50.0,93,75,8.05,light rain,0.0,0
287,Adrar,MR,20.5,-10.07,101.48,23,23,4.18,few clouds,0.0,0
288,Chegutu,ZW,-18.13,30.14,74.88,20,0,10.27,clear sky,0.0,0
289,Brus Laguna,HN,15.75,-84.48,82.06,80,100,1.41,overcast clouds,0.0,0
290,Jiuquan,CN,39.74,98.52,79.68,20,89,8.1,overcast clouds,0.0,0
291,Rio Gallegos,AR,-51.62,-69.22,23.0,92,0,9.17,clear sky,0.0,0
292,Kichera,RU,55.94,110.1,65.7,73,34,1.23,scattered clouds,0.0,0
293,Sayyan,YE,15.17,44.32,78.1,24,97,1.36,overcast clouds,0.0,0
294,Brae,GB,60.4,-1.35,53.6,93,75,12.75,broken clouds,0.0,0
295,Yulara,AU,-25.24,130.99,48.2,63,0,8.05,clear sky,0.0,0
296,Chipinge,ZW,-20.19,32.62,62.53,38,0,7.99,clear sky,0.0,0
297,Hvide Sande,DK,56.0,8.13,64.0,77,75,18.34,broken clouds,0.0,0
298,Biysk,RU,52.54,85.21,65.82,75,5,1.81,clear sky,0.0,0
299,Raga,SS,8.46,25.68,83.77,65,99,3.8,overcast clouds,0.0,0
300,Petaling Jaya,MY,3.11,101.61,84.2,74,20,4.7,few clouds,0.0,0
301,Kampot,KH,10.62,104.18,80.6,83,75,4.7,broken clouds,0.0,0
302,Makakilo City,US,21.35,-158.09,78.8,73,1,3.36,clear sky,0.0,0
303,Cidreira,BR,-30.18,-50.21,61.83,93,77,8.93,light rain,0.14,0
304,Villazon,BO,-22.09,-65.59,45.63,36,0,9.15,clear sky,0.0,0
305,Anahuac,MX,27.23,-100.15,78.8,88,5,11.41,clear sky,0.0,0
306,Walvis Bay,NA,-22.96,14.51,69.8,49,0,12.75,clear sky,0.0,0
307,Palu,ID,-0.89,119.87,76.3,83,100,1.57,moderate rain,1.08,0
308,Wagar,SD,16.15,36.2,105.57,18,1,14.47,clear sky,0.0,0
309,Moree,AU,-29.47,149.85,46.4,87,0,2.24,clear sky,0.0,0
310,Alofi,NU,-19.06,-169.92,71.6,94,96,21.92,overcast clouds,0.0,0
311,Mount Isa,AU,-20.73,139.5,55.4,37,0,5.82,clear sky,0.0,0
312,Meulaboh,ID,4.14,96.13,78.26,84,100,5.35,overcast clouds,0.0,0
313,Canutama,BR,-6.53,-64.38,79.07,74,95,0.29,overcast clouds,0.0,0
314,Galesburg,US,40.95,-90.37,73.0,82,1,4.7,clear sky,0.0,0
315,Ermelo,ZA,-26.53,29.98,58.12,29,0,5.37,clear sky,0.0,0
316,Miles City,US,46.41,-105.84,66.2,55,1,19.46,clear sky,0.0,0
317,Tucuma,BR,-0.18,-50.05,84.92,66,0,7.7,clear sky,0.0,0
318,Narsaq,GL,60.92,-46.05,55.4,71,98,4.7,overcast clouds,0.0,0
319,Visnes,NO,59.36,5.22,57.2,87,75,19.46,broken clouds,0.0,0
320,Sibi,PK,29.54,67.88,110.44,18,21,11.41,few clouds,0.0,0
321,Kuytun,RU,54.34,101.5,61.05,69,0,6.38,clear sky,0.0,0
322,Hami,CN,42.8,93.45,85.68,24,0,11.01,clear sky,0.0,0
323,Jalingo,NG,8.88,11.37,82.33,75,100,5.79,moderate rain,1.27,0
324,Moro,PK,26.66,68.0,107.6,36,63,9.17,haze,0.0,0
325,Guerrero Negro,MX,27.98,-114.06,72.93,62,0,10.85,clear sky,0.0,0
326,Alindao,CF,5.03,21.21,83.48,71,5,4.16,clear sky,0.0,0
327,Sao Joao Da Barra,BR,-21.64,-41.05,77.0,57,45,9.17,scattered clouds,0.0,0
328,Toamasina,MG,-18.17,49.38,69.8,94,75,4.7,light rain,0.0,0
329,Tiksi,RU,71.69,128.87,57.7,75,22,2.71,light rain,0.3,0
330,Banamba,ML,13.55,-7.45,93.76,38,3,8.79,clear sky,0.0,0
331,Wasilla,US,61.58,-149.44,55.4,93,90,3.36,light rain,0.25,0
332,Sharjah,AE,25.36,55.4,104.0,33,0,13.87,clear sky,0.0,0
333,Ballina,AU,-28.87,153.57,59.0,93,100,6.73,overcast clouds,0.0,0
334,Kingman,US,35.19,-114.05,88.0,23,1,3.36,clear sky,0.0,0
335,Tecoanapa,MX,16.52,-98.75,79.23,80,94,3.22,overcast clouds,0.0,0
336,Alice Springs,AU,-23.7,133.88,41.0,52,0,3.36,clear sky,0.0,0
337,Sistranda,NO,63.73,8.83,53.01,87,75,13.87,shower rain,0.0,0
338,Zhanakorgan,KZ,43.91,67.25,93.61,12,0,20.2,clear sky,0.0,0
339,Copiapo,CL,-27.37,-70.33,48.2,93,90,5.82,fog,0.0,0
340,Esperance,AU,-33.87,121.9,56.8,50,91,16.55,overcast clouds,0.0,0
341,Komsomolskiy,UZ,40.43,71.72,91.4,19,100,9.17,overcast clouds,0.0,0
342,Arman,RU,59.7,150.17,53.1,88,15,0.89,few clouds,0.0,0
343,San Jose De Guanipa,VE,8.89,-64.17,81.93,69,11,11.12,light rain,0.93,0
344,Llandrindod Wells,GB,52.24,-3.38,70.0,49,94,3.0,overcast clouds,0.0,0
345,Ponta Delgada,PT,37.73,-25.67,73.4,60,75,10.29,broken clouds,0.0,0
346,San Ramon,US,37.78,-121.98,62.01,48,1,3.36,clear sky,0.0,0
347,Ulaanbaatar,MN,47.91,106.88,66.2,68,20,6.71,few clouds,0.0,0
348,Yecla,ES,38.61,-1.11,86.0,45,40,5.99,light rain,0.18,0
349,Havoysund,NO,71.0,24.66,59.0,54,46,13.87,scattered clouds,0.0,0
350,Port-Gentil,GA,-0.72,8.78,78.8,83,90,16.17,overcast clouds,0.0,0
351,Praia Da Vitoria,PT,38.73,-27.07,75.2,57,40,12.17,scattered clouds,0.0,0
352,Bonavista,CA,48.65,-53.11,60.01,85,65,11.01,broken clouds,0.0,0
353,Banjar,ID,-8.19,114.97,78.8,100,40,10.29,scattered clouds,0.0,0
354,Nouadhibou,MR,20.93,-17.03,74.34,77,26,6.4,scattered clouds,0.0,0
355,Tchollire,CM,8.4,14.17,83.73,70,26,4.21,moderate rain,1.37,0
356,Hofn,IS,64.25,-15.21,57.2,82,20,4.7,few clouds,0.0,0
357,Bilma,NE,18.69,12.92,103.03,18,62,6.96,broken clouds,0.0,0
358,Vila Velha,BR,-20.33,-40.29,78.8,65,20,12.75,few clouds,0.0,0
359,Caravelas,BR,-17.71,-39.25,79.74,54,7,5.17,clear sky,0.0,0
360,Avera,US,33.19,-82.53,78.8,83,1,4.88,clear sky,0.0,0
361,Batagay,RU,67.63,134.63,65.21,88,100,2.08,light rain,0.26,0
362,Forio,IT,40.73,13.86,87.01,85,0,11.99,clear sky,0.0,0
363,Guspini,IT,39.54,8.63,98.6,17,20,19.46,few clouds,0.0,0
364,Tutoia,BR,-2.76,-42.27,85.64,56,53,5.12,broken clouds,0.0,0
365,Teguise,ES,29.06,-13.56,82.4,58,20,20.8,few clouds,0.0,0
366,Loubomo,CG,-4.2,12.67,81.91,57,97,5.75,overcast clouds,0.0,0
367,Genhe,CN,50.78,121.52,65.14,50,0,2.21,clear sky,0.0,0
368,San Patricio,MX,19.22,-104.7,77.0,83,75,6.93,broken clouds,0.0,0
369,Waingapu,ID,-9.66,120.26,76.12,81,37,8.59,scattered clouds,0.0,0
370,Moose Factory,CA,51.26,-80.61,51.8,93,90,8.05,overcast clouds,0.0,0
371,Taltal,CL,-25.4,-70.48,64.49,46,9,4.43,clear sky,0.0,0
372,Mancora,PE,-4.11,-81.05,71.65,73,62,5.61,broken clouds,0.0,0
373,Madras,IN,13.09,80.28,80.6,94,75,4.7,mist,0.0,0
374,Woodstock,CA,43.13,-80.75,72.0,77,75,10.29,broken clouds,0.0,0
375,Wuxue,CN,29.85,115.55,79.38,88,100,2.37,overcast clouds,0.0,0
376,New Richmond,US,45.12,-92.54,71.01,77,1,2.86,clear sky,0.0,0
377,Aden,YE,12.78,45.04,88.77,70,0,5.23,clear sky,0.0,0
378,Chiredzi,ZW,-21.05,31.67,71.17,26,0,8.88,clear sky,0.0,0
379,Zhangye,CN,38.93,100.45,79.3,25,5,5.01,clear sky,0.0,0
380,Poanas,MX,25.77,-103.62,78.8,34,40,4.7,scattered clouds,0.0,0
381,Grand Gaube,MU,-20.01,57.66,73.0,67,0,7.0,clear sky,0.0,0
382,Hobyo,SO,5.35,48.53,82.31,69,93,29.3,overcast clouds,0.0,0
383,Sorland,NO,67.67,12.69,53.6,76,0,8.05,clear sky,0.0,0
384,Aitape,PG,-3.14,142.35,78.71,80,100,2.77,overcast clouds,0.0,0
385,Concordia,AR,-31.39,-58.02,48.2,76,43,8.05,scattered clouds,0.0,0
386,Broome,US,42.25,-75.83,75.0,82,40,11.41,scattered clouds,0.0,0
387,Dawei,MM,14.08,98.2,79.48,85,100,1.92,moderate rain,1.79,0
388,Sao Borja,BR,-28.66,-56.0,64.4,91,72,6.85,broken clouds,0.0,0
389,Teguldet,RU,57.31,88.17,67.73,71,17,3.96,few clouds,0.0,0
390,Shevchenko,UA,48.5,35.0,93.2,26,0,6.71,clear sky,0.0,0
391,Eenhana,NA,-17.47,16.33,84.2,13,0,3.36,clear sky,0.0,0
392,Merauke,ID,-8.47,140.33,76.95,87,99,14.45,light rain,0.34,0
393,Sorong,ID,-0.88,131.25,77.94,84,100,6.64,overcast clouds,0.0,0
394,Nakhon Phanom,TH,17.41,104.78,80.6,83,75,4.7,broken clouds,0.0,0
395,Rosario,AR,-32.95,-60.64,51.01,48,0,3.36,clear sky,0.0,0
396,Pitkyaranta,RU,61.57,31.48,62.92,60,100,9.98,overcast clouds,0.0,0
397,Kysyl-Syr,RU,63.9,122.76,68.5,53,41,4.65,scattered clouds,0.0,0
398,Vao,NC,-22.67,167.48,71.13,81,0,20.58,clear sky,0.0,0
399,Shelbyville,US,35.48,-86.46,66.99,100,90,10.29,mist,0.0,0
400,Danilovka,RU,50.36,44.12,88.9,46,0,11.14,clear sky,0.0,0
401,Kuvandyk,RU,51.48,57.36,90.48,42,1,7.36,clear sky,0.0,0
402,North Bend,US,43.41,-124.22,57.0,93,90,9.17,overcast clouds,0.0,0
403,Baillif,GP,16.02,-61.75,82.4,88,75,11.41,light rain,0.0,0
404,Portland,US,45.52,-122.68,62.01,81,100,1.01,overcast clouds,0.0,0
405,Victoria,HK,22.29,114.16,86.0,74,37,5.01,light rain,0.15,0
406,Ormoz,SI,46.41,16.15,73.99,40,0,5.82,clear sky,0.0,0
407,Stephenville,US,32.22,-98.2,79.0,61,1,10.29,clear sky,0.0,0
408,Plettenberg Bay,ZA,-34.05,23.37,66.18,30,0,6.06,clear sky,0.0,0
409,Manzhouli,CN,49.6,117.43,64.78,83,74,2.28,light rain,0.38,0
410,Tevaitoa,PF,-16.78,-151.5,79.5,73,100,17.43,overcast clouds,0.0,0
411,Synya,RU,65.37,58.04,64.47,84,22,9.35,light rain,0.9,0
412,Yar-Sale,RU,66.83,70.83,61.97,58,35,3.53,scattered clouds,0.0,0
413,Kieta,PG,-6.22,155.63,79.38,78,100,7.92,moderate rain,1.23,0
414,Lake Charles,US,30.21,-93.2,82.99,88,5,10.29,clear sky,0.0,0
415,Durham,US,36.03,-78.87,80.6,61,20,3.36,few clouds,0.0,0
416,Haines Junction,CA,60.75,-137.51,46.63,77,84,2.91,broken clouds,0.0,0
417,Pakxan,LA,18.38,103.66,77.54,89,100,1.7,light rain,0.53,0
418,Puerto Princesa,PH,9.74,118.74,81.23,76,100,0.31,moderate rain,1.07,0
419,Inuvik,CA,68.35,-133.72,48.2,76,75,6.93,broken clouds,0.0,0
420,Salinopolis,BR,-0.61,-47.36,84.76,67,0,9.51,clear sky,0.0,0
421,Bolivar,US,37.61,-93.41,79.0,65,6,9.51,clear sky,0.0,0
422,North Branch,US,45.51,-92.98,68.0,81,0,3.76,clear sky,0.0,0
423,Chino Valley,US,34.76,-112.45,71.01,52,1,1.28,clear sky,0.0,0
424,Krasnoselkup,RU,65.7,82.47,63.99,59,99,6.98,overcast clouds,0.0,0
425,Northam,GB,51.03,-4.22,68.0,62,97,4.0,overcast clouds,0.0,0
426,Saint-Joseph,RE,-21.37,55.62,75.2,69,34,3.36,light rain,0.12,0
427,Paracatu,BR,-17.22,-46.87,75.61,42,31,6.76,scattered clouds,0.0,0
428,Bandarbeyla,SO,9.49,50.81,86.85,54,23,31.61,few clouds,0.0,0
429,Cedartown,US,34.05,-85.25,78.01,87,11,4.25,few clouds,0.0,0
430,Coihaique,CL,-45.58,-72.07,28.4,92,20,2.24,few clouds,0.0,0
431,Axim,GH,4.87,-2.24,77.74,79,98,9.86,overcast clouds,0.0,0
432,Ilulissat,GL,69.22,-51.1,48.2,70,42,6.93,scattered clouds,0.0,0
433,Vardo,NO,70.37,31.11,47.91,88,57,9.66,broken clouds,0.0,0
434,Kurdzhinovo,RU,43.99,40.96,71.55,83,100,4.05,light rain,0.82,0
435,Tomatlan,MX,19.93,-105.25,77.95,89,100,2.15,overcast clouds,0.0,0
436,Dunmore Town,BS,25.5,-76.65,84.4,75,100,19.69,overcast clouds,0.0,0
437,Mbini,GQ,1.57,9.61,79.39,81,79,11.25,light rain,0.8,0
438,Ortona,IT,42.35,14.4,80.01,65,26,6.93,scattered clouds,0.0,0
439,Mosetse,BW,-20.75,26.65,70.99,19,0,14.12,clear sky,0.0,0
440,Madimba,TZ,-10.4,40.33,79.2,66,19,13.4,few clouds,0.0,0
441,Koslan,RU,63.46,48.9,61.99,63,100,14.83,overcast clouds,0.0,0
442,Muros,ES,42.78,-9.06,88.0,47,0,7.0,clear sky,0.0,0
443,Nishihara,JP,26.18,127.76,84.2,83,40,9.17,scattered clouds,0.0,0
444,Iqaluit,CA,63.75,-68.51,53.6,81,75,11.41,broken clouds,0.0,0
445,Yuci,CN,37.68,112.73,68.0,82,40,6.71,scattered clouds,0.0,0
446,Iracoubo,GF,5.48,-53.2,81.09,84,92,8.3,light rain,0.91,0
447,Prado,BR,-17.34,-39.22,78.6,59,5,5.21,clear sky,0.0,0
448,Malavalli,IN,12.38,77.08,80.6,65,20,6.93,few clouds,0.0,0
449,Goure,NE,13.98,10.27,88.0,64,57,3.0,broken clouds,0.0,0
450,Linqing,CN,36.85,115.71,70.41,88,73,5.3,broken clouds,0.0,0
451,Road Town,VG,18.42,-64.62,84.99,83,40,11.41,shower rain,0.0,0
452,Razole,IN,16.48,81.83,84.49,79,100,3.8,overcast clouds,0.0,0
453,Mamakan,RU,57.82,114.0,68.29,75,45,3.91,light rain,0.22,0
454,Beloha,MG,-25.17,45.05,78.3,38,14,13.56,few clouds,0.0,0
455,Belaya Gora,RU,68.53,146.42,63.36,58,100,8.32,overcast clouds,0.0,0
456,Lulea,SE,65.58,22.15,62.6,67,100,12.75,overcast clouds,0.0,0
457,Mandurah,AU,-32.55,115.7,64.0,71,12,4.0,light rain,0.5,0
458,Ahipara,NZ,-35.17,173.17,55.13,88,58,8.14,broken clouds,0.0,0
459,Palmer,US,42.16,-72.33,81.0,69,40,8.05,scattered clouds,0.0,0
460,Tshikapa,CD,-6.42,20.8,91.58,36,74,3.36,broken clouds,0.0,0
461,Ostrovnoy,RU,68.05,39.51,54.64,75,88,13.06,overcast clouds,0.0,0
462,Rudnichnyy,RU,59.62,52.47,77.76,62,32,9.93,scattered clouds,0.0,0
463,Maxixe,MZ,-23.86,35.35,71.6,56,40,18.34,scattered clouds,0.0,0
464,Muravlenko,RU,63.79,74.52,67.44,51,48,5.99,scattered clouds,0.0,0
465,Vila Do Maio,CV,15.13,-23.22,82.4,58,75,10.29,broken clouds,0.0,0
466,Marrakesh,MA,31.63,-8.01,102.2,22,48,6.93,scattered clouds,0.0,0
467,Fairbanks,US,64.84,-147.72,52.0,81,20,3.36,few clouds,0.0,0
468,Qasigiannguit,GL,68.82,-51.19,48.2,70,58,6.93,broken clouds,0.0,0
469,Lufkin,US,31.34,-94.73,80.01,88,1,4.7,clear sky,0.0,0
470,Bhadrak,IN,21.06,86.51,89.87,62,100,7.96,light rain,0.27,0
471,Mujiayingzi,CN,42.12,118.78,71.62,58,99,7.67,overcast clouds,0.0,0
472,Beringovskiy,RU,63.05,179.32,47.32,91,89,7.14,overcast clouds,0.0,0
473,Brownsville,US,25.9,-97.5,84.0,94,1,8.05,clear sky,0.0,0
474,La Vega,DO,19.22,-70.53,82.4,69,20,9.17,few clouds,0.0,0
475,Pangai,TO,-19.8,-174.35,74.97,79,48,27.85,scattered clouds,0.0,0
476,Nizhniy Baskunchak,RU,48.22,46.83,100.45,16,54,14.03,broken clouds,0.0,0
477,Castanos,MX,26.78,-101.42,84.99,51,20,4.7,few clouds,0.0,0
478,Ambagarh Chauki,IN,20.78,80.72,82.99,72,98,3.94,overcast clouds,0.0,0
479,Belmonte,BR,-15.86,-38.88,75.2,78,40,4.7,shower rain,0.0,0
480,Valley City,US,46.92,-98.0,68.0,100,1,6.93,clear sky,0.0,0
481,Ha Tinh,VN,18.33,105.9,82.26,80,100,5.37,overcast clouds,0.0,0
482,Ondo,NG,7.1,4.83,82.13,75,77,5.06,moderate rain,1.37,0
483,Santiago Del Estero,AR,-27.8,-64.26,59.65,66,100,3.06,overcast clouds,0.0,0
484,Saurimo,AO,-9.66,20.39,90.77,17,0,6.24,clear sky,0.0,0
485,Hovsan,AZ,40.37,50.09,91.4,31,0,6.93,clear sky,0.0,0
486,Veraval,IN,20.9,70.37,84.56,81,0,16.15,clear sky,0.0,0
487,Moerai,PF,-22.43,-151.33,73.8,79,2,9.08,clear sky,0.0,0
488,Kulhudhuffushi,MV,6.62,73.07,84.22,66,100,2.89,overcast clouds,0.0,0
489,Santa Cruz De La Palma,ES,28.68,-17.76,77.0,65,20,14.99,few clouds,0.0,0
490,Kizilskoye,RU,52.73,58.89,85.35,55,0,5.14,clear sky,0.0,0
491,Lipari,IT,38.47,14.95,86.0,67,0,1.99,clear sky,0.0,0
492,Barcelos,PT,41.54,-8.62,93.0,69,0,8.05,clear sky,0.0,0
493,Zyryanka,RU,65.75,150.85,61.32,58,0,7.85,clear sky,0.0,0
494,Sanlucar La Mayor,ES,37.39,-6.2,100.0,26,0,5.82,clear sky,0.0,0
495,Ascension,US,30.22,-90.9,84.2,79,23,4.97,light rain,0.11,0
496,Luwuk,ID,-0.95,122.79,77.7,78,100,5.03,light rain,0.28,0
497,Booue,GA,-0.09,11.94,82.72,71,100,3.0,light rain,0.59,0
498,Mirnyy,RU,62.54,113.96,68.0,60,87,2.24,overcast clouds,0.0,0
499,Roanoke Rapids,US,36.46,-77.65,82.4,78,1,3.36,clear sky,0.0,0
500,Quatre Cocos,MU,-20.21,57.76,75.2,60,40,18.34,scattered clouds,0.0,0
501,Maldonado,UY,-34.67,-54.92,51.01,66,31,9.17,scattered clouds,0.0,0
502,Baleshwar,IN,21.49,86.93,87.44,70,99,11.32,overcast clouds,0.0,0
503,Pithora,IN,21.27,82.52,81.72,75,98,7.92,overcast clouds,0.0,0
504,Kudahuvadhoo,MV,2.67,72.89,84.87,65,99,3.62,overcast clouds,0.0,0
505,Agadez,NE,19.75,10.25,106.63,8,0,3.13,clear sky,0.0,0
506,Maralal,KE,1.1,36.7,72.27,51,52,4.5,light rain,0.17,0
507,Gondanglegi,ID,-7.75,112.01,75.13,79,85,10.4,overcast clouds,0.0,0
508,Mayfield,US,36.74,-88.64,68.0,100,90,9.17,overcast clouds,0.0,0
509,La Rioja,ES,42.25,-2.5,73.4,64,99,8.05,overcast clouds,0.0,0
510,Vangaindrano,MG,-23.35,47.6,71.22,80,3,9.28,clear sky,0.0,0
511,Buala,SB,-8.14,159.59,81.14,81,89,9.86,light rain,0.14,0
512,General Roca,AR,-39.03,-67.58,42.8,75,40,1.12,scattered clouds,0.0,0
513,Dunedin,NZ,-45.87,170.5,39.99,84,2,1.99,clear sky,0.0,0
514,La Asuncion,VE,11.03,-63.86,91.4,63,26,14.99,scattered clouds,0.0,0
515,Lahijan,IR,37.21,50.0,80.6,74,75,6.93,thunderstorm,0.0,0
516,Iberia,US,29.95,-91.75,82.4,94,1,6.93,clear sky,0.0,0
517,Dunda,TZ,-8.12,34.25,85.19,19,0,10.49,clear sky,0.0,0
518,Dakar,SN,14.69,-17.44,82.4,83,75,4.7,light rain,0.0,0
519,Venice,US,27.1,-82.45,88.0,79,1,8.05,clear sky,0.0,0
520,Clarence Town,AU,-32.58,151.78,52.0,93,90,6.93,overcast clouds,0.0,0
521,Muncar,ID,-8.43,114.33,76.62,88,41,7.05,light rain,0.11,0
522,Pozzallo,IT,36.73,14.85,89.6,29,0,8.05,clear sky,0.0,0
523,Pitimbu,BR,-7.47,-34.81,82.4,65,40,17.22,scattered clouds,0.0,0
524,Vestmannaeyjar,IS,63.44,-20.27,51.8,87,90,8.05,drizzle,0.0,0
525,Kavaratti,IN,10.57,72.64,82.67,77,100,13.51,moderate rain,1.32,0
526,Were Ilu,ET,10.6,39.43,70.81,39,98,6.42,overcast clouds,0.0,0
527,Ewo,CG,-0.87,14.82,85.82,55,81,4.29,light rain,0.91,0
528,Atar,MR,20.52,-13.05,103.14,24,37,5.53,scattered clouds,0.0,0
529,Ngong,KE,-1.36,36.66,78.8,36,75,13.87,broken clouds,0.0,0
530,Khed,IN,17.72,73.38,80.11,84,100,2.8,moderate rain,1.26,0
531,Sibolga,ID,1.74,98.78,76.98,83,76,3.96,light rain,0.3,0
532,Huarmey,PE,-10.07,-78.15,63.46,74,69,5.84,broken clouds,0.0,0
533,Paamiut,GL,61.99,-49.67,42.76,88,100,2.01,overcast clouds,0.0,0
534,Monrovia,LR,6.3,-10.8,82.4,74,75,4.7,broken clouds,0.0,0
535,Beboto,TD,8.27,16.94,87.04,57,5,4.47,clear sky,0.0,0
536,Murgab,TM,37.5,61.97,102.2,14,29,11.41,scattered clouds,0.0,0
537,Kikwit,CD,-5.04,18.82,90.81,37,64,3.24,broken clouds,0.0,0
538,Macusani,PE,-14.08,-70.43,46.18,50,0,3.06,clear sky,0.0,0
539,Rtishchevo,RU,52.26,43.79,80.28,55,0,5.44,clear sky,0.0,0
540,Campos Novos,BR,-27.4,-51.23,59.18,95,72,4.81,light rain,0.36,0
541,Green River,US,41.53,-109.47,59.0,28,1,4.7,clear sky,0.0,0
542,Takab,IR,36.4,47.11,69.76,51,63,11.68,light rain,0.65,0
543,Petlad,IN,22.47,72.8,82.4,88,90,3.36,light rain,0.0,0
544,Jequie,BR,-13.86,-40.08,75.58,63,93,4.32,overcast clouds,0.0,0
545,Karaton,ID,-6.34,106.1,82.4,74,20,5.82,few clouds,0.0,0
546,Pathein,MM,16.78,94.73,81.28,85,100,5.32,overcast clouds,0.0,0
547,Ust-Omchug,RU,61.15,149.63,53.33,70,34,1.63,scattered clouds,0.0,0
548,Chumikan,RU,54.72,135.31,49.26,92,25,4.18,scattered clouds,0.0,0
549,Goderich,CA,43.75,-81.72,68.0,82,100,11.21,overcast clouds,0.0,0
550,Usinsk,RU,65.99,57.53,66.51,69,41,18.25,light rain,0.76,0
551,Bata,GQ,1.86,9.77,79.29,82,60,11.16,light rain,0.49,0
552,Safaga,EG,26.73,33.94,100.4,19,40,18.34,scattered clouds,0.0,0
553,San Andres,CO,12.58,-81.7,78.8,88,75,14.99,light intensity drizzle,0.0,0
554,Trinidad,BO,-14.83,-64.9,75.2,83,52,9.17,broken clouds,0.0,0
555,Marapanim,BR,-0.72,-47.7,87.62,56,0,5.64,clear sky,0.0,0
556,Carbonia,IT,39.17,8.52,98.6,14,0,16.11,clear sky,0.0,0
557,Tuatapere,NZ,-46.13,167.68,39.0,83,81,3.0,broken clouds,0.0,0
558,Denpasar,ID,-8.65,115.22,78.8,100,40,10.29,scattered clouds,0.0,0
559,Jaciara,BR,-15.97,-54.97,86.16,36,55,6.98,broken clouds,0.0,0
560,Cayenne,GF,4.93,-52.33,84.2,74,1,2.24,light rain,0.74,0
561,Mackay,AU,-21.15,149.2,63.0,92,85,4.56,overcast clouds,0.0,0
562,Riyadh,SA,24.69,46.72,109.4,10,5,14.99,clear sky,0.0,0
563,Sept-Iles,CA,50.2,-66.38,70.0,94,90,4.7,overcast clouds,0.0,0
564,Wajir,KE,1.75,40.06,93.04,30,6,20.11,clear sky,0.0,0
565,Murud,IN,18.33,72.97,81.75,83,100,6.02,light rain,0.98,0
566,Angoche,MZ,-16.23,39.91,77.16,67,0,10.22,clear sky,0.0,0
567,Otrado-Kubanskoye,RU,45.24,40.84,93.9,34,7,7.07,clear sky,0.0,0
568,Mtwara,TZ,-10.27,40.18,79.72,65,6,14.07,clear sky,0.0,0
569,Havre-Saint-Pierre,CA,50.23,-63.6,68.0,94,90,12.75,overcast clouds,0.0,0
570,Milledgeville,US,33.08,-83.23,79.0,78,1,4.18,clear sky,0.0,0
571,Ojinaga,MX,29.57,-104.42,86.0,27,1,3.36,clear sky,0.0,0
572,Gat,IL,31.61,34.76,84.99,61,0,1.01,clear sky,0.0,0
573,Olinda,BR,-8.01,-34.86,82.4,58,40,13.87,scattered clouds,0.0,0
574,Natal,BR,-5.79,-35.21,80.6,74,40,11.41,scattered clouds,0.0,0
575,Araouane,ML,18.9,-3.53,103.26,19,24,4.54,few clouds,0.0,0
576,Cape Canaveral,US,28.41,-80.6,84.99,88,40,8.05,scattered clouds,0.0,0
